[30mâ €â €,[30mâ €â €,[30mâ €â €,[30mâ €â €,[30mâ €â €,[30mâ €â €,[30mâ €â €,[30mâ €â €,[30mâ €â €,[30mâ €â €,[30mâ €â €,[30mâ €â €,[30mâ €â €,[30mâ €â €,[30mâ €â €,[30mâ €â €,[30mâ €â €,[30mâ €â €,[30mâ €â €,[30mâ €â €
[30mâ €â €,[30mâ €â €,[30mâ €â €,[30mâ €â €,[30mâ €â €,[30mâ €â €,[30mâ €â €,[30mâ €â €,[30mâ €â €,[30mâ €â €,[30mâ €â €,[30mâ €â €,[30mâ €â €,[30mâ €â €,[30mâ €â €,[30mâ €â €,[30mâ €â €,[30mâ €â €,[30mâ €â €,[30mâ €â €
[30mâ €â €,[30mâ €â €,[30mâ €â €,[30mâ €â €,[30mâ €â €,[30mâ €â €,[30mâ €â €,[30mâ €â €,[30mâ €â €,[30mâ €â €,[30mâ €â €,[30mâ €â €,[30mâ €â €,[30mâ €â €,[30mâ €â €,[30mâ €â €,[30mâ €â €,[30mâ €â €,[30mâ €â €,[30mâ €â €
[30mâ €â €,[30mâ €â €,[30mâ €â €,[30mâ €â €,[30mâ €â €,[30mâ €â €,[30mâ €â €,[30mâ €â €,[30mâ €â €,[30mâ €â €,[30mâ €â €,[30mâ €â €,[30mâ €â €,[30mâ €â €,[30mâ €â €,[30mâ €â €,[30mâ €â €,[30mâ €â €,[30mâ €â €,[30mâ €â €
[30mâ €â €,[30mâ €â €,[30mâ €â €,[30mâ €â €,[30mâ €â €,[30mâ €â €,[30mâ €â €,[30mâ €â €,[30mâ €â €,[30mâ €â €,[30mâ£¿â£¿,[30mâ£¾â£¾,[30mâ£¾â£¾,[30mâ €â €,[30mâ €â €,[30mâ €â €,[30mâ €â €,[30mâ €â €,[30mâ €â €,[30mâ €â €
[30mâ €â €,[30mâ €â €,[30mâ €â €,[30mâ €â €,[30mâ €â €,[30mâ €â €,[30mâ €â €,[30mâ €â €,[30mâ£¾â£¾,[37mâ¡žâ¡ž,[37mâ£´â£´,[37mâ£„â£„,[37mâ£´â£´,[37mâ »â »,[30mâ£·â£·,[30mâ €â €,[30mâ €â €,[30mâ €â €,[30mâ €â €,[30mâ €â €
[30mâ €â €,[30mâ €â €,[30mâ €â €,[30mâ €â €,[30mâ €â €,[30mâ €â €,[30mâ €â €,[30mâ£¿â£¿,[37mâ£´â£´,[37mâ£„â£„,[37mâ£„â£„,[37mâ£„â£„,[37mâ£„â£„,[37mâ£„â£„,[37mâ£´â£´,[30mâ¢»â¢»,[30mâ €â €,[30mâ €â €,[30mâ €â €,[30mâ €â €
[30mâ €â €,[30mâ €â €,[30mâ €â €,[30mâ €â €,[30mâ €â €,[30mâ €â €,[30mâ €â €,[30mâ£§â£§,[37mâ£„â£„,[37mâ£´â£´,[37mâ£´â£´,[37mâ£´â£´,[37mâ£´â£´,[37mâ£´â£´,[37mâ£„â£„,[37mâ£´â£´,[30mâ£·â£·,[30mâ €â €,[30mâ €â €,[30mâ €â €
[30mâ €â €,[30mâ €â €,[30mâ €â €,[30mâ €â €,[30mâ €â €,[30mâ €â €,[30mâ €â €,[37mâ¡žâ¡ž,[37mâ£„â£„,[37mâ£´â£´,[33mâ£§â£§,[33mâ£§â£§,[37mâ£´â£´,[37mâ£´â£´,[37mâ£„â£„,[37mâ£„â£„,[30mâ¢»â¢»,[30mâ €â €,[30mâ €â €,[30mâ €â €
[30mâ €â €,[30mâ €â €,[30mâ €â €,[30mâ €â €,[30mâ €â €,[30mâ €â €,[30mâ €â €,[37mâ¡žâ¡ž,[37mâ£„â£„,[37mâ£„â£„,[37mâ£„â£„,[37mâ£„â£„,[37mâ£„â£„,[37mâ£´â£´,[37mâ£´â£´,[37mâ£„â£„,[30mâ£§â£§,[30mâ €â €,[30mâ €â €,[30mâ €â €
[30mâ €â €,[30mâ €â €,[30mâ €â €,[30mâ €â €,[30mâ €â €,[30mâ €â €,[30mâ¡¿â¡¿,[37mâ »â »,[37mâ£´â£´,[37mâ£„â£„,[37mâ£„â£„,[37mâ£„â£„,[37mâ£´â£´,[30mâ£§â£§,[37mâ¡žâ¡ž,[37mâ£„â£„,[30mâ¡¿â¡¿,[30mâ €â €,[30mâ €â €,[30mâ €â €
[30mâ €â €,[30mâ €â €,[30mâ €â €,[30mâ €â €,[30mâ£¾â£¾,[34mâ£§â£§,[37mâ »â »,[37mâ£„â£„,[37mâ£´â£´,[37mâ£´â£´,[37mâ£„â£„,[37mâ£„â£„,[37mâ£´â£´,[37mâ »â »,[37mâ »â »,[30mâ£§â£§,[30mâ£¿â£¿,[30mâ €â €,[30mâ €â €,[30mâ €â €
[30mâ €â €,[30mâ €â €,[30mâ €â €,[30mâ£¿â£¿,[33mâ£§â£§,[37mâ »â »,[37mâ »â »,[37mâ£´â£´,[37mâ »â »,[37mâ »â »,[37mâ£„â£„,[37mâ£„â£„,[37mâ£´â£´,[37mâ »â »,[37mâ£´â£´,[30mâ£§â£§,[30mâ €â €,[30mâ €â €,[30mâ €â €,[30mâ €â €
[30mâ €â €,[30mâ €â €,[30mâ €â €,[30mâ €â €,[30mâ£¿â£¿,[30mâ¡¿â¡¿,[30mâ¢»â¢»,[30mâ¢»â¢»,[30mâ¢»â¢»,[30mâ£§â£§,[37mâ¡žâ¡ž,[30mâ£§â£§,[30mâ£§â£§,[30mâ£·â£·,[30mâ£¾â£¾,[30mâ£¿â£¿,[30mâ €â €,[30mâ €â €,[30mâ €â €,[30mâ €â €
[30mâ €â €,[30mâ €â €,[30mâ €â €,[30mâ €â €,[30mâ €â €,[30mâ €â €,[30mâ €â €,[30mâ €â €,[30mâ €â €,[30mâ €â €,[30mâ €â €,[30mâ €â €,[30mâ €â €,[30mâ €â €,[30mâ €â €,[30mâ €â €,[30mâ €â €,[30mâ €â €,[30mâ €â €,[30mâ €â €
[30mâ €â €,[30mâ €â €,[30mâ €â €,[30mâ €â €,[30mâ €â €,[30mâ €â €,[30mâ €â €,[30mâ €â €,[30mâ €â €,[30mâ €â €,[30mâ €â €,[30mâ €â €,[30mâ €â €,[30mâ €â €,[30mâ €â €,[30mâ €â €,[30mâ €â €,[30mâ €â €,[30mâ €â €,[30mâ €â €
[30mâ €â €,[30mâ €â €,[30mâ €â €,[30mâ €â €,[30mâ €â €,[30mâ €â €,[30mâ €â €,[30mâ €â €,[30mâ €â €,[30mâ €â €,[30mâ €â €,[30mâ €â €,[30mâ €â €,[30mâ €â €,[30mâ €â €,[30mâ €â €,[30mâ €â €,[30mâ €â €,[30mâ €â €,[30mâ €â €
